taxon,author,SubFamily,Tribe,Genus,Age,Fossil?,notes
Acanthomyrmex_ferox,,Myrmicinae,Crematogastrini,Acanthomyrmex,NA,NA,
Acanthoponera_minor,,Heteroponerinae,,Acanthoponera,NA,NA,
Acanthostichus_davisi,,Dorylinae,,Acanthostichus,NA,NA,
Acanthostichus_kirbyi,,Dorylinae,,Acanthostichus,NA,NA,
Acanthostichus_punctiscapus,,Dorylinae,,Acanthostichus,NA,NA,
Acromyrmex_versicolor,,Myrmicinae,Attini,Acromyrmex,NA,NA,
Acropyga_acutiventris,,Formicinae,Plagiolepidini,Acropyga,NA,NA,
Acropyga_epedana,,Formicinae,Plagiolepidini,Acropyga,NA,NA,
Adelomyrmex_paratristani,,Myrmicinae,Solenopsidini,Adelomyrmex,NA,NA,
Adlerzia_froggatti,,Myrmicinae,Crematogastrini,Adlerzia,NA,NA,
Aenictus_ceylonicus,,Dorylinae,,Aenictus,NA,NA,
Aenictus_eugenii,,Dorylinae,,Aenictus,NA,NA,
Aenictus,,Dorylinae,,,NA,NA,
Aenictus_turneri,,Dorylinae,,Aenictus,NA,NA,
Allomerus_octoarticulatus,,Myrmicinae,Attini,Allomerus,NA,NA,
Amblyopone_australis,,Amblyoponinae,,Amblyopone,NA,NA,
Ancyridris_polyrhachioides,,Myrmicinae,Crematogastrini,Ancyridris,NA,NA,
Aneuretus_simoni,,Aneuretinae,,Aneuretus,NA,NA,
Anillomyrma_decamera,,Myrmicinae,Solenopsidini,Anillomyrma,NA,NA,
Ankylomyrma_coronacantha,,Agroecomyrmecinae,,Ankylomyrma,NA,NA,
Anochetus_emarginatus,,Ponerinae,Ponerini,Anochetus,NA,NA,
Anochetus_madagascarensis,,Ponerinae,Ponerini,Anochetus,NA,NA,
Anochetus_mayri,,Ponerinae,Ponerini,Anochetus,NA,NA,
Anonychomyrma_gilberti,,Dolichoderinae,,Anonychomyrma,NA,NA,
Anonychomyrma_itinerans,,Dolichoderinae,,Anonychomyrma,NA,NA,
Anonychomyrma_nitidiceps,,Dolichoderinae,,Anonychomyrma,NA,NA,
Aphaenogaster_araneoides,,Myrmicinae,Stenammini,Aphaenogaster,NA,NA,
Aphaenogaster_occidentalis,,Myrmicinae,Stenammini,Aphaenogaster,NA,NA,
Aphaenogaster_pythia,,Myrmicinae,Stenammini,Aphaenogaster,NA,NA,
Aphaenogaster_swammerdami,,Myrmicinae,Stenammini,Aphaenogaster,NA,NA,
Aphaenogaster_texana,,Myrmicinae,Stenammini,Aphaenogaster,NA,NA,
Apomyrma_stygia,,Apomyrminae,,Apomyrma,NA,NA,
Apterostigma_auriculatum,,Myrmicinae,Attini,Apterostigma,NA,NA,
Apterostigma,,Myrmicinae,Attini,,NA,NA,
Aptinoma_antongil,,Dolichoderinae,Tapinomini,Aptinoma,NA,NA,
Aptinoma_mangabe,,Dolichoderinae,Tapinomini,Aptinoma,NA,NA,
Atopomyrmex_mocquerysi,,Myrmicinae,Crematogastrini,Atopomyrmex,NA,NA,
Atta,,Myrmicinae,Attini,,NA,NA,
Atta_texana,,Myrmicinae,Attini,Atta,NA,NA,
Austromorium_flavigaster,,Myrmicinae,Solenopsidini,Austromorium,NA,NA,
Austroponera_castanea,,Ponerinae,Ponerini,Austroponera,NA,NA,
Axinidris_mlalu,,Dolichoderinae,,Axinidris,NA,NA,
Axinidris_murielae,,Dolichoderinae,,Axinidris,NA,NA,
Azteca_instabilis,,Dolichoderinae,,Azteca,NA,NA,
Azteca_ovaticeps,,Dolichoderinae,,Azteca,NA,NA,
Azteca_schimperi,,Dolichoderinae,,Azteca,NA,NA,
Azteca,,Dolichoderinae,Leptomyrmecini,,NA,NA,
Baracidris_sitra,,Myrmicinae,Solenopsidini,Baracidris,NA,NA,
Bariamyrma_hispidula,,Myrmicinae,Solenopsidini,Bariamyrma,NA,NA,
Basiceros_manni,,Myrmicinae,Attini,Basiceros,NA,NA,
Blepharidatta_conops,,Myrmicinae,Attini,Blepharidatta,NA,NA,
Bothriomyrmex_meridionalis,,Dolichoderinae,,Bothriomyrmex,NA,NA,
Bothriomyrmex_paradoxus,,Dolichoderinae,,Bothriomyrmex,NA,NA,
Bothriomyrmex_saundersi,,Dolichoderinae,,Bothriomyrmex,NA,NA,
Bothroponera_variolosa,,Ponerinae,Ponerini,Bothroponera,NA,NA,
Bothroponera_wasmannii,,Ponerinae,Ponerini,Bothroponera,NA,NA,
Brachymyrmex_depilis,,Formicinae,Myrmelachistini (page does not exist),Brachymyrmex,NA,NA,
Brachymyrmex,,Formicinae,Myrmelachistini (page does not exist),,NA,NA,
Brachyponera_atrata,,Ponerinae,Ponerini,Brachyponera,NA,NA,
Brachyponera_chinensis,,Ponerinae,Ponerini,Brachyponera,NA,NA,
Brachyponera_sennaarensis,,Ponerinae,Ponerini,Brachyponera,NA,NA,
Buniapone_amblyops,,Ponerinae,Ponerini,Buniapone,NA,NA,
Calomyrmex_albertisi,,Formicinae,Camponotini,Calomyrmex,NA,NA,
Calyptomyrmex_kaurus,,Myrmicinae,Crematogastrini,Calyptomyrmex,NA,NA,
Camponotus_hyatti,,Formicinae,Camponotini,Camponotus,NA,NA,
Camponotus_maritimus,,Formicinae,Camponotini,Camponotus,NA,NA,
Camponotus_ocreatus,,Formicinae,Camponotini,Camponotus,NA,NA,
Cardiocondyla_emeryi,,Myrmicinae,Crematogastrini,Cardiocondyla,NA,NA,
Cardiocondyla_mauritanica,,Myrmicinae,Crematogastrini,Cardiocondyla,NA,NA,
Cardiocondyla_thoracica,,Myrmicinae,Crematogastrini,Cardiocondyla,NA,NA,
Carebara_affinis,,Myrmicinae,Crematogastrini,Carebara,NA,NA,
Carebara_alperti,,Myrmicinae,Crematogastrini,Carebara,NA,NA,
Carebara_nosindambo,,Myrmicinae,Crematogastrini,Carebara,NA,NA,
Carebara,,Myrmicinae,Crematogastrini,,NA,NA,
Carebara_urichi,,Myrmicinae,Crematogastrini,Carebara,NA,NA,
Carebara_vidua,,Myrmicinae,Crematogastrini,Carebara,NA,NA,
Cataglyphis_iberica,,Formicinae,Formicini,Cataglyphis,NA,NA,
Cataulacus_ebrardi,,Myrmicinae,Crematogastrini,Cataulacus,NA,NA,
Cataulacus_hispidulus,,Myrmicinae,Crematogastrini,Cataulacus,NA,NA,
Cataulacus,,Myrmicinae,Crematogastrini,,NA,NA,
Centromyrmex_brachycola,,Ponerinae,Ponerini,Centromyrmex,NA,NA,
Centromyrmex_feae,,Ponerinae,Ponerini,Centromyrmex,NA,NA,
Centromyrmex_hamulatus,,Ponerinae,Ponerini,Centromyrmex,NA,NA,
Centromyrmex_sellaris,,Ponerinae,Ponerini,Centromyrmex,NA,NA,
Cephalotes_atratus,,Myrmicinae,Attini,Cephalotes,NA,NA,
Cephalotes_texanus,,Myrmicinae,Attini,Cephalotes,NA,NA,
Cephalotes_unimaculatus,,Myrmicinae,Attini,Cephalotes,NA,NA,
Cerapachys_jacobsoni,,Dorylinae,,Cerapachys,NA,NA,
Cheliomyrmex_morosus,,Dorylinae,Cheliomyrmecini,Cheliomyrmex,NA,NA,
Chronoxenus_wroughtonii_javanus,,Dolichoderinae,,Chronoxenus,NA,NA,
Colobostruma_unicorna,,Myrmicinae,Attini,Colobostruma,NA,NA,
Crematogaster_acuta,,Myrmicinae,Crematogastrini,Crematogaster,NA,NA,
Crematogaster_emeryana,,Myrmicinae,Crematogastrini,Crematogaster,NA,NA,
Crematogaster_kelleri,,Myrmicinae,Crematogastrini,Crematogaster,NA,NA,
Crematogaster_modiglianii,,Myrmicinae,Crematogastrini,Crematogaster,NA,NA,
Crematogaster_navajoa,,Myrmicinae,Crematogastrini,Crematogaster,NA,NA,
Crematogaster_sordidula,,Myrmicinae,Crematogastrini,Crematogaster,NA,NA,
Cryptomyrmex_boltoni,,Myrmicinae,Solenopsidini,Cryptomyrmex,NA,NA,
Cryptopone_gilva,,Ponerinae,Ponerini,Cryptopone,NA,NA,
Cryptopone_sauteri,,Ponerinae,Ponerini,Cryptopone,NA,NA,
Cyatta_abscondita,,Myrmicinae,Attini,Cyatta,NA,NA,
Cylindromyrmex_meinerti,,Dorylinae,Cylindromyrmecini,Cylindromyrmex,NA,NA,
Cylindromyrmex_striatus,,Dorylinae,Cylindromyrmecini,Cylindromyrmex,NA,NA,
Cyphoidris_exalta,,Myrmicinae,Crematogastrini,Cyphoidris,NA,NA,
Cyphomyrmex_cornutus,,Myrmicinae,Attini,Cyphomyrmex,NA,NA,
Cyphomyrmex_longiscapus,,Myrmicinae,Attini,Cyphomyrmex,NA,NA,
Cyphomyrmex,,Myrmicinae,Attini,,NA,NA,
Dacatria_templaris,,Myrmicinae,Crematogastrini,Dacatria,NA,NA,
Dacetinops_ignotus,,Myrmicinae,Crematogastrini,Dacetinops,NA,NA,
Daceton_armigerum,,Myrmicinae,Attini,Daceton,NA,NA,
Diacamma_rugosum,,Ponerinae,Ponerini,Diacamma,NA,NA,
Diacamma,,Ponerinae,Ponerini,,NA,NA,
Diaphoromyrma_sofiae,,Myrmicinae,Attini,Diaphoromyrma,NA,NA,
Dilobocondyla_borneensis,,Myrmicinae,Crematogastrini,Dilobocondyla,NA,NA,
Dilobocondyla,,Myrmicinae,Crematogastrini,,NA,NA,
Dinoponera_australis,,Ponerinae,Ponerini,Dinoponera,NA,NA,
Dinoponera_gigantea,,Ponerinae,Ponerini,Dinoponera,NA,NA,
Diplomorium_longipenne,,Myrmicinae,Crematogastrini,Diplomorium,NA,NA,
Discothyrea,,Proceratiinae,Proceratiini,,NA,NA,
Doleromyrma_darwiniana,,Dolichoderinae,,Doleromyrma,NA,NA,
Dolichoderus_debilis,,Dolichoderinae,,Dolichoderus,NA,NA,
Dolichoderus_decollatus,,Dolichoderinae,,Dolichoderus,NA,NA,
Dolichoderus_erectilobus,,Dolichoderinae,,Dolichoderus,NA,NA,
Dolichoderus_imitator,,Dolichoderinae,,Dolichoderus,NA,NA,
Dolichoderus_lamellosus,,Dolichoderinae,,Dolichoderus,NA,NA,
Dolichoderus_pustulatus,,Dolichoderinae,,Dolichoderus,NA,NA,
Dolichoderus_scabridus,,Dolichoderinae,,Dolichoderus,NA,NA,
Dolopomyrmex_pilatus,,Myrmicinae,Solenopsidini,Dolopomyrmex,NA,NA,
Dorylus_emeryi_opacus,,Dorylinae,,Dorylus,NA,NA,
Dorylus_helvolus,,Dorylinae,,Dorylus,NA,NA,
Dorylus_laevigatus,,Dorylinae,,Dorylus,NA,NA,
Dorylus_mayri,,Dorylinae,,Dorylus,NA,NA,
Dorylus_wilverthi,,Dorylinae,,Dorylus,NA,NA,
Dorymyrmex_bicolor,,Dolichoderinae,,Dorymyrmex,NA,NA,
Dorymyrmex_elegans,,Dolichoderinae,,Dorymyrmex,NA,NA,
Dorymyrmex_planidens,,Dolichoderinae,,Dorymyrmex,NA,NA,
Eciton_hamatum,,Dorylinae,,Eciton,NA,NA,
Eciton_vagans,,Dorylinae,,Eciton,NA,NA,
Ectatomma_opaciventre,,Ectatomminae,Ectatommini,Ectatomma,NA,NA,
Emeryopone_buttelreepeni,,Ponerinae,Ponerini,Emeryopone,NA,NA,
Epelysidris_brocha,,Myrmicinae,Solenopsidini,Epelysidris,NA,NA,
Epopostruma_monstrosa,,Myrmicinae,Attini,Epopostruma,NA,NA,
Euponera_sikorae,,Ponerinae,Ponerini,Euponera,NA,NA,
Euprenolepis_procera,,Formicinae,Lasiini,Euprenolepis,NA,NA,
Euprenolepis_wittei,,Formicinae,Lasiini,Euprenolepis,NA,NA,
Eurhopalothrix_australis,,Myrmicinae,Attini,Eurhopalothrix,NA,NA,
Eurhopalothrix_bolaui,,Myrmicinae,Attini,Eurhopalothrix,NA,NA,
Eurhopalothrix_gravis,,Myrmicinae,Attini,Eurhopalothrix,NA,NA,
Eurhopalothrix_philippina,,Myrmicinae,Attini,Eurhopalothrix,NA,NA,
Eutetramorium_mocquerysi,,Myrmicinae,Crematogastrini,Eutetramorium,NA,NA,
Eutetramorium,,Myrmicinae,Crematogastrini,,NA,NA,
Forelius_chalybaeus,,Dolichoderinae,,Forelius,NA,NA,
Forelius_pruinosus,,Dolichoderinae,,Forelius,NA,NA,
Forelius,,Dolichoderinae,Leptomyrmecini,,NA,NA,
Formica_moki,,Formicinae,Formicini,Formica,NA,NA,
Formica_wheeleri,,,,,NA,NA,
Formicoxenus_diversipilosus,,Myrmicinae,Crematogastrini,Formicoxenus,NA,NA,
Formicoxenus_provancheri,,Myrmicinae,Crematogastrini,Formicoxenus,NA,NA,
Froggattella_kirbii,,Dolichoderinae,,Froggattella,NA,NA,
Froggattella_latispina,,Dolichoderinae,,Froggattella,NA,NA,
Gauromyrmex_acanthinus,,Myrmicinae,Crematogastrini,Gauromyrmex,NA,NA,
Gnamptogenys,,Ectatomminae,Ectatommini,,NA,NA,
Gnamptogenys_striatula,,Ectatomminae,Ectatommini,Gnamptogenys,NA,NA,
Goniomma_blanci,,Myrmicinae,Stenammini,Goniomma,NA,NA,
Goniomma_hispanicum,,Myrmicinae,Stenammini,Goniomma,NA,NA,
Gracilidris_pombero,,Dolichoderinae,,Gracilidris,NA,NA,
Hagensia_havilandi,,Ponerinae,Ponerini,Hagensia,NA,NA,
Harpagoxenus_sublaevis,,Myrmicinae,Crematogastrini,Harpagoxenus,NA,NA,
Harpegnathos_saltator,,Ponerinae,Ponerini,Harpegnathos,NA,NA,
Harpegnathos_venator,,Ponerinae,Ponerini,Harpegnathos,NA,NA,
Heteroponera_microps,,Heteroponerinae,,Heteroponera,NA,NA,
Heteroponera_panamensis,,Heteroponerinae,,Heteroponera,NA,NA,
Huberia_brounii,,Myrmicinae,Crematogastrini,Huberia,NA,NA,
Hylomyrma_blandiens,,Myrmicinae,Pogonomyrmecini,Hylomyrma,NA,NA,
Hypoponera_inexorata,,Ponerinae,Ponerini,Hypoponera,NA,NA,
Hypoponera_opacior,,Ponerinae,Ponerini,Hypoponera,NA,NA,
Hypoponera_sakalava,,Ponerinae,Ponerini,Hypoponera,NA,NA,
Iridomyrmex_pallidus,,Dolichoderinae,,Iridomyrmex,NA,NA,
Iridomyrmex_sanguineus,,Dolichoderinae,,Iridomyrmex,NA,NA,
Kalathomyrmex_emeryi,,Myrmicinae,Attini,Kalathomyrmex,NA,NA,
Labidus_praedator,,Dorylinae,,Labidus,NA,NA,
Lachnomyrmex_scrobiculatus,,Myrmicinae,Attini,Lachnomyrmex,NA,NA,
Lasius_alienus,,Formicinae,Lasiini,Lasius,NA,NA,
Lasius_californicus,,Formicinae,Lasiini,Lasius,NA,NA,
Lasius_latipes,,Formicinae,Lasiini,Lasius,NA,NA,
Lenomyrmex_colwelli,,Myrmicinae,Attini,Lenomyrmex,NA,NA,
Leptanilla,,Leptanillinae,Leptanillini,,NA,NA,
Leptanilloides_femoralis,,Dorylinae,,Leptanilloides,NA,NA,
Leptanilloides_gracilis,,Dorylinae,,Leptanilloides,NA,NA,
Leptanilloides_mckennae,,Dorylinae,,Leptanilloides,NA,NA,
Leptanilloides_nubecula,,Dorylinae,,Leptanilloides,NA,NA,
Leptogenys_attenuata,,Ponerinae,Ponerini,Leptogenys,NA,NA,
Leptogenys_crassicornis,,Ponerinae,Ponerini,Leptogenys,NA,NA,
Leptogenys_diminuta,,Ponerinae,Ponerini,Leptogenys,NA,NA,
Leptogenys_falcigera,,Ponerinae,Ponerini,Leptogenys,NA,NA,
Leptogenys_iridescens,,Ponerinae,Ponerini,Leptogenys,NA,NA,
Leptogenys_occidentalis,,Ponerinae,Ponerini,Leptogenys,NA,NA,
Leptogenys,,Ponerinae,Ponerini,,NA,NA,
Leptomyrmex_erythrocephalus,,Dolichoderinae,,Leptomyrmex,NA,NA,
Leptomyrmex,,Dolichoderinae,Leptomyrmecini,,NA,NA,
Leptothorax,,Myrmicinae,Crematogastrini,,NA,NA,
Linepithema_humile,,Dolichoderinae,,Linepithema,NA,NA,
Linepithema_keiteli,,Dolichoderinae,,Linepithema,NA,NA,
Liometopum_apiculatum,,Dolichoderinae,,Liometopum,NA,NA,
Liometopum_luctuosum,,Dolichoderinae,,Liometopum,NA,NA,
Liometopum_occidentale,,Dolichoderinae,,Liometopum,NA,NA,
Liomyrmex_gestroi,,Myrmicinae,Crematogastrini,Liomyrmex,NA,NA,
Loboponera_politula,,Ponerinae,Ponerini,Loboponera,NA,NA,
Lophomyrmex_ambiguus,,Myrmicinae,Crematogastrini,Lophomyrmex,NA,NA,
Lophomyrmex_striatulus,,Myrmicinae,Crematogastrini,Lophomyrmex,NA,NA,
Lordomyrma_bhutanensis,,Myrmicinae,Crematogastrini,Lordomyrma,NA,NA,
Lordomyrma_desupra,,Myrmicinae,Crematogastrini,Lordomyrma,NA,NA,
Loweriella_boltoni,,Dolichoderinae,,Loweriella,NA,NA,
Malagidris_belti,,Myrmicinae,Crematogastrini,Malagidris,NA,NA,
Malagidris_jugum,,Myrmicinae,Crematogastrini,Malagidris,NA,NA,
Manica_bradleyi,,Myrmicinae,Myrmicini,Manica,NA,NA,
Manica_rubida,,Myrmicinae,Myrmicini,Manica,NA,NA,
Mayaponera_constricta,,Ponerinae,Ponerini,Mayaponera,NA,NA,
Mayriella_ebbei,,Myrmicinae,Crematogastrini,Mayriella,NA,NA,
Mayriella_transfuga,,Myrmicinae,Crematogastrini,Mayriella,NA,NA,
Megalomyrmex_foreli,,Myrmicinae,Solenopsidini,Megalomyrmex,NA,NA,
Megalomyrmex_silvestrii,,Myrmicinae,Solenopsidini,Megalomyrmex,NA,NA,
Megaponera_analis,,Ponerinae,Ponerini,Megaponera,NA,NA,
Melissotarsus_insularis,,Myrmicinae,Crematogastrini,Melissotarsus,NA,NA,
Melophorus,,Formicinae,Melophorini,,NA,NA,
Meranoplus_castaneus,,Myrmicinae,Crematogastrini,Meranoplus,NA,NA,
Meranoplus_radamae,,Myrmicinae,Crematogastrini,Meranoplus,NA,NA,
Meranoplus_mayri,,Myrmicinae,Crematogastrini,Meranoplus,NA,NA,
Mesoponera_ingesta,,Ponerinae,Ponerini,Mesoponera,NA,NA,
Mesoponera_rubra,,Ponerinae,Ponerini,Mesoponera,NA,NA,
Mesostruma_browni,,Myrmicinae,Attini,Mesostruma,NA,NA,
Messor_denticornis,,Myrmicinae,Stenammini,Messor,NA,NA,
Messor_wasmanni,,Myrmicinae,Stenammini,Messor,NA,NA,
Metapone_madagascarica,,Myrmicinae,Crematogastrini,Metapone,NA,NA,
Microdaceton_tibialis,,Myrmicinae,Attini,Microdaceton,NA,NA,
Monomorium_antarcticum,,Myrmicinae,Solenopsidini,Monomorium,NA,NA,
Monomorium_denticulatum,,Myrmicinae,Solenopsidini,Monomorium,NA,NA,
Monomorium_ergatogyna,,Myrmicinae,Solenopsidini,Monomorium,NA,NA,
Monomorium_exiguum,,Myrmicinae,Solenopsidini,Monomorium,NA,NA,
Monomorium_hanneli,,Myrmicinae,Solenopsidini,Monomorium,NA,NA,
Monomorium_latinode,,Myrmicinae,Solenopsidini,Erromyrma,NA,NA,
Monomorium_madecassum,,Myrmicinae,Solenopsidini,Monomorium,NA,NA,
Monomorium_pharaonis,,Myrmicinae,Solenopsidini,Monomorium,NA,NA,
Mycetagroicus_triangularis,,Myrmicinae,Attini,Mycetagroicus,NA,NA,
Mycetarotes_acutus,,Myrmicinae,Attini,Mycetarotes,NA,NA,
Mycetophylax_conformis,,Myrmicinae,Attini,Mycetophylax,NA,NA,
Mycetosoritis_hartmanni,,Myrmicinae,Attini,Mycetosoritis,NA,NA,
Mycocepurus_goeldii,,Myrmicinae,Attini,Mycocepurus,NA,NA,
Myopias_lobosa,,Ponerinae,Ponerini,Myopias,NA,NA,
Myopias_tenuis,,Ponerinae,Ponerini,Myopias,NA,NA,
Myopopone_castanea,,Amblyoponinae,,Myopopone,NA,NA,
Myrcidris_epicharis,,Pseudomyrmecinae,Pseudomyrmecini,Myrcidris,NA,NA,
Myrmecia_fulviculis,,Myrmeciinae,Myrmeciini,Myrmecia,NA,NA,
Myrmecia_pyriformis,,Myrmeciinae,Myrmeciini,Myrmecia,NA,NA,
Myrmecina_americana,,Myrmicinae,Crematogastrini,Myrmecina,NA,NA,
Myrmecina_graminicola,,Myrmicinae,Crematogastrini,Myrmecina,NA,NA,
Myrmecocystus_flaviceps,,Formicinae,Lasiini,Myrmecocystus,NA,NA,
Myrmecocystus_mexicanus,,Formicinae,Lasiini,Myrmecocystus,NA,NA,
Myrmecorhynchus,,Formicinae,Melophorini,,NA,NA,
Myrmelachista_flavocotea,,Formicinae,Myrmelachistini (page does not exist),Myrmelachista,NA,NA,
Myrmelachista,,Formicinae,Myrmelachistini (page does not exist),,NA,NA,
Myrmica_incompleta,,Myrmicinae,Myrmicini,Myrmica,NA,NA,
Myrmica_kotokui,,Myrmicinae,Myrmicini,Myrmica,NA,NA,
Myrmicaria_brunnea,,Myrmicinae,Solenopsidini,Myrmicaria,NA,NA,
Myrmicaria_carinata,,Myrmicinae,Solenopsidini,Myrmicaria,NA,NA,
Myrmicaria_exigua,,Myrmicinae,Solenopsidini,Myrmicaria,NA,NA,
Myrmica_rugiventris,,Myrmicinae,Myrmicini,Myrmica,NA,NA,
Myrmica_striolagaster,,Myrmicinae,Myrmicini,Myrmica,NA,NA,
Myrmica_tahoensis,,Myrmicinae,Myrmicini,Myrmica,NA,NA,
Myrmicocrypta_infuscata,,Myrmicinae,Attini,Myrmicocrypta,NA,NA,
Myrmoteras_iriodum,,Formicinae,Myrmoteratini,Myrmoteras,NA,NA,
Myrmoteras_williamsi,,Formicinae,Myrmoteratini,Myrmoteras,NA,NA,
Mystrium_mysticum,,Amblyoponinae,,Mystrium,NA,NA,
Mystrium_rogeri,,Amblyoponinae,,Mystrium,NA,NA,
Nebothriomyrmex_majeri,,Dolichoderinae,,Nebothriomyrmex,NA,NA,
Neoponera_aenescens,,Ponerinae,Ponerini,Neoponera,NA,NA,
Neoponera_apicalis,,Ponerinae,Ponerini,Neoponera,NA,NA,
Neoponera_carinulata,,Ponerinae,Ponerini,Neoponera,NA,NA,
Neoponera_commutata,,Ponerinae,Ponerini,Neoponera,NA,NA,
Neoponera_fauveli,,Ponerinae,Ponerini,Neoponera,NA,NA,
Neoponera_marginata,,Ponerinae,Ponerini,Neoponera,NA,NA,
Neoponera_unidentata,,Ponerinae,Ponerini,Neoponera,NA,NA,
Neoponera_villosa,,Ponerinae,Ponerini,Neoponera,NA,NA,
Nesomyrmex_echinatinodis,,Myrmicinae,Crematogastrini,Nesomyrmex,NA,NA,
Nesomyrmex_madecassus,,Myrmicinae,Crematogastrini,Nesomyrmex,NA,NA,
Nesomyrmex_wilda,,Myrmicinae,Crematogastrini,Nesomyrmex,NA,NA,
Nomamyrmex_esenbeckii,,Dorylinae,,Nomamyrmex,NA,NA,
Nothomyrmecia_macrops,,Myrmeciinae,Prionomyrmecini,Nothomyrmecia,NA,NA,
Notoncus_capitatus,,Formicinae,Melophorini,Notoncus,NA,NA,
Notoncus,,Formicinae,Melophorini,,NA,NA,
Notostigma_carazzii,,Formicinae,Melophorini,Notostigma,NA,NA,
Nylanderia_madagascarensis,,Formicinae,Lasiini,Nylanderia,NA,NA,
Nylanderia_concinna,,Formicinae,Lasiini,Nylanderia,NA,NA,
Nylanderia_dodo,,Formicinae,Lasiini,Nylanderia,NA,NA,
Nylanderia_faisonensis,,Formicinae,Lasiini,Nylanderia,NA,NA,
Nylanderia_hystrix,,Formicinae,Lasiini,Nylanderia,NA,NA,
Nylanderia_parvula,,Formicinae,Lasiini,Nylanderia,NA,NA,
Nylanderia_phantasma,,Formicinae,Lasiini,Nylanderia,NA,NA,
Nylanderia_terricola,,Formicinae,Lasiini,Nylanderia,NA,NA,
Nylanderia_vitiensis,,Formicinae,Lasiini,Nylanderia,NA,NA,
Nylanderia_wojciki,,Formicinae,Lasiini,Nylanderia,NA,NA,
Ochetomyrmex_neopolitus,,Myrmicinae,Attini,Ochetomyrmex,NA,NA,
Ochetomyrmex_semipolitus,,Myrmicinae,Attini,Ochetomyrmex,NA,NA,
Ocymyrmex_fortior,,Myrmicinae,Crematogastrini,Ocymyrmex,NA,NA,
Ocymyrmex_picardi,,Myrmicinae,Crematogastrini,Ocymyrmex,NA,NA,
Odontomachus_cephalotes,,Ponerinae,Ponerini,Odontomachus,NA,NA,
Odontomachus_clarus,,Ponerinae,Ponerini,Odontomachus,NA,NA,
Odontomachus_coquereli,,Ponerinae,Ponerini,Odontomachus,NA,NA,
Odontomachus_simillimus,,Ponerinae,Ponerini,Odontomachus,NA,NA,
Odontoponera_transversa,,Ponerinae,Ponerini,Odontoponera,NA,NA,
Oecophylla_smaragdina,,Formicinae,Oecophyllini,Oecophylla,NA,NA,
Onychomyrmex_hedleyi,,Amblyoponinae,,Onychomyrmex,NA,NA,
Ophthalmopone_berthoudi,,Ponerinae,Ponerini,Ophthalmopone,NA,NA,
Opisthopsis_respiciens,,Formicinae,Camponotini,Opisthopsis,NA,NA,
Opisthopsis,,Formicinae,Camponotini,,NA,NA,
Orectognathus_versicolor,,Myrmicinae,Attini,Orectognathus,NA,NA,
Oxyepoecus_vezenyii,,Myrmicinae,Solenopsidini,Oxyepoecus,NA,NA,
Oxyopomyrmex_insularis,,Myrmicinae,Stenammini,Oxyopomyrmex,NA,NA,
Oxyopomyrmex_santschii,,Myrmicinae,Stenammini,Oxyopomyrmex,NA,NA,
Pachycondyla_crassinoda,,Ponerinae,Ponerini,Pachycondyla,NA,NA,
Pachycondyla_harpax,,Ponerinae,Ponerini,Pachycondyla,NA,NA,
Pachycondyla_impressa,,Ponerinae,Ponerini,Pachycondyla,NA,NA,
Paltothyreus_tarsatus,,Ponerinae,Ponerini,Paltothyreus,NA,NA,
Papyrius_nitidus,,Dolichoderinae,,Papyrius,NA,NA,
Paraparatrechina_oceanica_,,Formicinae,Lasiini,Paraparatrechina,NA,NA,
Paraparatrechina_glabra,,Formicinae,Lasiini,Paraparatrechina,NA,NA,
Paraparatrechina_weissi,,Formicinae,Lasiini,Paraparatrechina,NA,NA,
Paraponera_clavata,,Paraponerinae,,Paraponera,NA,NA,
Paratrechina_longicornis,,Formicinae,Lasiini,Paratrechina,NA,NA,
Perissomyrmex_snyderi,,Myrmicinae,Crematogastrini,Perissomyrmex,NA,NA,
Phalacromyrmex_fugax,,Myrmicinae,Attini,Phalacromyrmex,NA,NA,
Pheidole_antipodum,,Myrmicinae,Attini,Pheidole,NA,NA,
Pheidole_clydei,,Myrmicinae,Attini,Pheidole,NA,NA,
Pheidole_dispar,,Myrmicinae,Attini,Pheidole,NA,NA,
Pheidole_fimbriata,,Myrmicinae,Attini,Pheidole,NA,NA,
Pheidole_hyatti,,Myrmicinae,Attini,Pheidole,NA,NA,
Pheidole_longispinosa,,Myrmicinae,Attini,Pheidole,NA,NA,
Pheidole_lucioccipitalis,,Myrmicinae,Attini,Pheidole,NA,NA,
Pheidole_pallidula,,Myrmicinae,Attini,Pheidole,NA,NA,
Pheidole_rhea,,Myrmicinae,Attini,Pheidole,NA,NA,
Philidris_cordata,,Dolichoderinae,,Philidris,NA,NA,
Phrynoponera_gabonensis,,Ponerinae,Ponerini,Phrynoponera,NA,NA,
Pilotrochus_besmerus,,Myrmicinae,Attini,Pilotrochus,NA,NA,
Plagiolepis,,Formicinae,Plagiolepidini,,NA,NA,
Platythyrea_lamellosa,,Ponerinae,Platythyreini,Platythyrea,NA,NA,
Platythyrea_mocquerysi,,Ponerinae,Platythyreini,Platythyrea,NA,NA,
Platythyrea_punctata,,Ponerinae,Platythyreini,Platythyrea,NA,NA,
Platythyrea_quadridenta,,Ponerinae,Platythyreini,Platythyrea,NA,NA,
Platythyrea_strenua,,Ponerinae,Platythyreini,Platythyrea,NA,NA,
Platythyrea_turneri,,Ponerinae,Platythyreini,Platythyrea,NA,NA,
Plectroctena_minor,,Ponerinae,Ponerini,Plectroctena,NA,NA,
Plectroctena_ugandensis,,Ponerinae,Ponerini,Plectroctena,NA,NA,
Podomyrma_silvicola,,Myrmicinae,Crematogastrini,Podomyrma,NA,NA,
Podomyrma,,Myrmicinae,Crematogastrini,,NA,NA,
Poecilomyrma_myrmecodiae,,Myrmicinae,Crematogastrini,Poecilomyrma,NA,NA,
Pogonomyrmex_imberbiculus,,Myrmicinae,Pogonomyrmecini,Pogonomyrmex,NA,NA,
Pogonomyrmex_maricopa,,Myrmicinae,Pogonomyrmecini,Pogonomyrmex,NA,NA,
Pogonomyrmex_striatinodus,,Myrmicinae,Pogonomyrmecini,Pogonomyrmex,NA,NA,
Pogonomyrmex_subdentatus,,Myrmicinae,Pogonomyrmecini,Pogonomyrmex,NA,NA,
Pogonomyrmex_vermiculatus,,Myrmicinae,Pogonomyrmecini,Pogonomyrmex,NA,NA,
Polyergus_breviceps,,Formicinae,Formicini,Polyergus,NA,NA,
Polyrhachis_vindex,,Formicinae,Camponotini,Polyrhachis,NA,NA,
Ponera_pennsylvanica,,Ponerinae,Ponerini,Ponera,NA,NA,
Prenolepis_imparis,,Formicinae,Lasiini,Prenolepis,NA,NA,
Prenolepis_nitens,,Formicinae,Lasiini,Prenolepis,NA,NA,
Prionopelta,,Amblyoponinae,,,NA,NA,
Pristomyrmex_orbiceps,,Myrmicinae,Crematogastrini,Pristomyrmex,NA,NA,
Pristomyrmex_punctatus,,Myrmicinae,Crematogastrini,Pristomyrmex,NA,NA,
Pristomyrmex,,Myrmicinae,Crematogastrini,,NA,NA,
Proatta_butteli,,Myrmicinae,Crematogastrini,Proatta,NA,NA,
Probolomyrmex,,Proceratiinae,Probolomyrmecini,,NA,NA,
Probolomyrmex_tani,,Proceratiinae,Probolomyrmecini,Probolomyrmex,NA,NA,
Proceratium,,Proceratiinae,Proceratiini,,NA,NA,
Proceratium_stictum,,Proceratiinae,Proceratiini,Proceratium,NA,NA,
Procryptocerus_batesi,,Myrmicinae,Attini,Procryptocerus,NA,NA,
Procryptocerus_scabriusculus,,Myrmicinae,Attini,Procryptocerus,NA,NA,
Proformica_nasuta,,Formicinae,Formicini,Proformica,NA,NA,
Prolasius,,Formicinae,Melophorini,,NA,NA,
Propodilobus_pingorum,,Myrmicinae,Crematogastrini,Propodilobus,NA,NA,
Protalaridris_armata,,Myrmicinae,Attini,Protalaridris,NA,NA,
Protanilla,,Leptanillinae,Anomalomyrmini,,NA,NA,
Psalidomyrmex_procerus,,Ponerinae,Ponerini,Psalidomyrmex,NA,NA,
Pseudolasius_australis,,Formicinae,Lasiini,Pseudolasius,NA,NA,
Pseudomyrmex_apache,,Pseudomyrmecinae,,Pseudomyrmex,NA,NA,
Pseudomyrmex_gracilis,,Pseudomyrmecinae,,Pseudomyrmex,NA,NA,
Pseudoneoponera_rufipes,,Ponerinae,Ponerini,Pseudoneoponera,NA,NA,
Pseudoponera_stigma,,Ponerinae,Ponerini,Pseudoponera,NA,NA,
Ravavy_miafina,,Dolichoderinae,Bothriomyrmecini,Ravavy,NA,NA,
Rhopalomastix_janeti,,Myrmicinae,Crematogastrini,Rhopalomastix,NA,NA,
Rhopalomastix_rothneyi,,Myrmicinae,Crematogastrini,Rhopalomastix,NA,NA,
Rhopalothrix_isthmica,,Myrmicinae,Attini,Rhopalothrix,NA,NA,
Rhytidoponera_chalybaea,,Ectatomminae,Ectatommini,Rhytidoponera,NA,NA,
Rhytidoponera_metallica,,Ectatomminae,Ectatommini,Rhytidoponera,NA,NA,
Rogeria_nevadensis,,Myrmicinae,Solenopsidini,Rogeria,NA,NA,
Rogeria_stigmatica,,Myrmicinae,Solenopsidini,Rogeria,NA,NA,
Romblonella_scrobifera,,Myrmicinae,Crematogastrini,Romblonella,NA,NA,
Rotastruma_recava,,Myrmicinae,Crematogastrini,Rotastruma,NA,NA,
Rotastruma_stenoceps,,Myrmicinae,Crematogastrini,Rotastruma,NA,NA,
Royidris_longiseta,,Myrmicinae,Crematogastrini,Royidris,NA,NA,
Royidris_notorthotenes,,Myrmicinae,Crematogastrini,Royidris,NA,NA,
Sericomyrmex,,Myrmicinae,Attini,,NA,NA,
Simopelta_pergandei,,Ponerinae,Ponerini,Simopelta,NA,NA,
Simopone_conradti,,Dorylinae,,Simopone,NA,NA,
Simopone_dryas,,Dorylinae,,Simopone,NA,NA,
Simopone_latiscapa,,Dorylinae,,Simopone,NA,NA,
Simopone_marleyi,,Dorylinae,,Simopone,NA,NA,
Simopone_oculata,,Dorylinae,,Simopone,NA,NA,
Simopone_trita,,Dorylinae,,Simopone,NA,NA,
Solenopsis_fugax,,Myrmicinae,Solenopsidini,Solenopsis,NA,NA,
Solenopsis_invicta,,Myrmicinae,Solenopsidini,Solenopsis,NA,NA,
Solenopsis_mameti,,Myrmicinae,Solenopsidini,Solenopsis,NA,NA,
Solenopsis_molesta,,Myrmicinae,Solenopsidini,Solenopsis,NA,NA,
Solenopsis_papuana,,Myrmicinae,Solenopsidini,Solenopsis,NA,NA,
Solenopsis_succinea,,Myrmicinae,Solenopsidini,Solenopsis,NA,NA,
Solenopsis_xyloni,,Myrmicinae,Solenopsidini,Solenopsis,NA,NA,
Sphinctomyrmex,,Dorylinae,,,NA,NA,
Sphinctomyrmex_stali,,Dorylinae,,Sphinctomyrmex,NA,NA,
Stegomyrmex_manni,,Myrmicinae,Solenopsidini,Stegomyrmex,NA,NA,
Stenamma_dyscheres,,Myrmicinae,Stenammini,Stenamma,NA,NA,
Stenamma_expolitum,,Myrmicinae,Stenammini,Stenamma,NA,NA,
Stenamma_snellingi,,Myrmicinae,Stenammini,Stenamma,NA,NA,
Stenamma_striatulum,,Myrmicinae,Stenammini,Stenamma,NA,NA,
Stigmacros,,Formicinae,Melophorini,,NA,NA,
Stigmatomma_pallipes,,Amblyoponinae,,Stigmatomma,NA,NA,
Streblognathus_peetersi,,Ponerinae,Ponerini,Streblognathus,NA,NA,
Strongylognathus_testaceus,,Myrmicinae,Crematogastrini,Strongylognathus,NA,NA,
Strumigenys_ambatrix,,Myrmicinae,Attini,Strumigenys,NA,NA,
Strumigenys_biolleyi,,Myrmicinae,Attini,Strumigenys,NA,NA,
Strumigenys_chiricahua,,Myrmicinae,Attini,Strumigenys,NA,NA,
Strumigenys_chyzeri,,Myrmicinae,Attini,Strumigenys,NA,NA,
Strumigenys_coveri,,Myrmicinae,Attini,Strumigenys,NA,NA,
Strumigenys_dicomas,,Myrmicinae,Attini,Strumigenys,NA,NA,
Strumigenys_emmae,,Myrmicinae,Attini,Strumigenys,NA,NA,
Strumigenys_erynnes,,Myrmicinae,Attini,Strumigenys,NA,NA,
Strumigenys_exiguaevitae,,Myrmicinae,Attini,Strumigenys,NA,NA,
Strumigenys_godeffroyi,,Myrmicinae,Attini,Strumigenys,NA,NA,
Strumigenys_gundlachi,,Myrmicinae,Attini,Strumigenys,NA,NA,
Strumigenys_hoplites,,Myrmicinae,Attini,Strumigenys,NA,NA,
Strumigenys_ludovici,,Myrmicinae,Attini,Strumigenys,NA,NA,
Strumigenys_maxillaris,,Myrmicinae,Attini,Strumigenys,NA,NA,
Strumigenys_membranifera,,Myrmicinae,Attini,Strumigenys,NA,NA,
Strumigenys_nitens,,Myrmicinae,Attini,Strumigenys,NA,NA,
Strumigenys_ocypete,,Myrmicinae,Attini,Strumigenys,NA,NA,
Strumigenys_olsoni,,Myrmicinae,Attini,Strumigenys,NA,NA,
Strumigenys_pulchella,,Myrmicinae,Attini,Strumigenys,NA,NA,
Strumigenys_rogeri,,Myrmicinae,Attini,Strumigenys,NA,NA,
Strumigenys,,Myrmicinae,Attini,,NA,NA,
Syllophopsis_ferodens,,Myrmicinae,Solenopsidini,Syllophopsis,NA,NA,
Syllophopsis_fisheri,,Myrmicinae,Solenopsidini,Syllophopsis,NA,NA,
Talaridris_mandibularis,,Myrmicinae,Attini,Talaridris,NA,NA,
Tanipone_zona,,Dorylinae,,Tanipone,NA,NA,
Tapinoma_melanocephalum,,Dolichoderinae,,Tapinoma,NA,NA,
Tapinoma_opacum,,Dolichoderinae,,Tapinoma,NA,NA,
Tapinoma_sessile,,Dolichoderinae,,Tapinoma,NA,NA,
Tatuidris_tatusia,,Agroecomyrmecinae,,Tatuidris,NA,NA,
Technomyrmex_albipes,,Dolichoderinae,,Technomyrmex,NA,NA,
Technomyrmex_anterops,,Dolichoderinae,,Technomyrmex,NA,NA,
Technomyrmex_difficilis,,Dolichoderinae,,Technomyrmex,NA,NA,
Technomyrmex_voeltzkowi,,Dolichoderinae,,Technomyrmex,NA,NA,
Temnothorax_bernardi,,Myrmicinae,Crematogastrini,Temnothorax,NA,NA,
Temnothorax_kutteri,,Myrmicinae,Crematogastrini,Temnothorax,NA,NA,
Temnothorax_poeyi,,Myrmicinae,Crematogastrini,Temnothorax,NA,NA,
Temnothorax_rugatulus,,Myrmicinae,Crematogastrini,Temnothorax,NA,NA,
Temnothorax_tricarinatus,,Myrmicinae,Crematogastrini,Temnothorax,NA,NA,
Terataner_bottegoi,,Myrmicinae,Crematogastrini,Terataner,NA,NA,
Terataner,,Myrmicinae,Crematogastrini,,NA,NA,
Tetheamyrma_subspongia,,Myrmicinae,Crematogastrini,Tetheamyrma,NA,NA,
Tetramorium_atratulum,,Myrmicinae,Crematogastrini,Tetramorium,NA,NA,
Tetramorium_caespitum,,Myrmicinae,Crematogastrini,Tetramorium,NA,NA,
Tetramorium_hispidum,,Myrmicinae,Crematogastrini,Tetramorium,NA,NA,
Tetramorium_kutteri,,Myrmicinae,Crematogastrini,Tetramorium,NA,NA,
Tetramorium_severini,,Myrmicinae,Crematogastrini,Tetramorium,NA,NA,
Tetramorium_taylori,,Myrmicinae,Crematogastrini,Tetramorium,NA,NA,
Tetramorium_validiusculum,,Myrmicinae,Crematogastrini,Tetramorium,NA,NA,
Tetramorium_venator,,Myrmicinae,Crematogastrini,Tetramorium,NA,NA,
Tetraponera_punctulata,,Pseudomyrmecinae,,Tetraponera,NA,NA,
Tetraponera_rufonigra,,Pseudomyrmecinae,,Tetraponera,NA,NA,
Tetraponera,,Pseudomyrmecinae,,,NA,NA,
Thaumatomyrmex_atrox,,Ponerinae,Ponerini,Thaumatomyrmex,NA,NA,
Trachymyrmex_arizonensis,,Myrmicinae,Attini,Trachymyrmex,NA,NA,
Trachymyrmex_jamaicensis,,Myrmicinae,Attini,Trachymyrmex,NA,NA,
Tranopelta_gilva,,Myrmicinae,Attini,Tranopelta,NA,NA,
Tranopelta_subterranea,,Myrmicinae,Attini,Tranopelta,NA,NA,
Trichomyrmex_criniceps,,Myrmicinae,Crematogastrini,Trichomyrmex,NA,NA,
Trichomyrmex_oscaris,,Myrmicinae,Crematogastrini,Trichomyrmex,NA,NA,
Trichomyrmex_robustior,,Myrmicinae,Crematogastrini,Trichomyrmex,NA,NA,
Tropidomyrmex_elianae,,Myrmicinae,Solenopsidini,Tropidomyrmex,NA,NA,
Turneria_bidentata,,Dolichoderinae,,Turneria,NA,NA,
Typhlomyrmex_rogenhoferi,,Ectatomminae,Typhlomyrmecini,Typhlomyrmex,NA,NA,
Tyrannomyrmex_legatus,,Myrmicinae,Solenopsidini,Tyrannomyrmex,NA,NA,
Veromessor_andrei,,Myrmicinae,Stenammini,Veromessor,NA,NA,
Veromessor_julianus,,Myrmicinae,Stenammini,Veromessor,NA,NA,
Vicinopone_conciliatrix,,Dorylinae,,Vicinopone,NA,NA,
Vitsika_suspicax,,Myrmicinae,Crematogastrini,Vitsika,NA,NA,
Vollenhovia_emeryi,,Myrmicinae,Crematogastrini,Vollenhovia,NA,NA,
Vollenhovia,,Myrmicinae,Crematogastrini,,NA,NA,
Vombisidris_bilongrudi,,Myrmicinae,Crematogastrini,Vombisidris,NA,NA,
Wasmannia_auropunctata,,Myrmicinae,Attini,Wasmannia,NA,NA,
Xenomyrmex_floridanus,,Myrmicinae,Crematogastrini,Xenomyrmex,NA,NA,
Xymmer_muticus,,Amblyoponinae,,Xymmer,NA,NA,
Zatania_albimaculata,,Formicinae,Lasiini,Zatania,NA,NA,
Zatania_gloriosa,,Formicinae,Lasiini,Zatania,NA,NA,
