taxon	age	subfamily	tribe	genus		
Acanthognathus_ocellatus	0	Myrmicinae	Attini	Acanthognathus		
Acanthomyrmex_ferox	0	Myrmicinae	Crematogastrini	Acanthomyrmex		
Acanthoponera_minor	0	Heteroponerinae		Acanthoponera		
Acanthostichus_davisi	0	Dorylinae		Acanthostichus		
Acanthostichus_kirbyi	0	Dorylinae		Acanthostichus		
Acanthostichus_punctiscapus	0	Dorylinae		Acanthostichus		
Acromyrmex_versicolor	0	Myrmicinae	Attini	Acromyrmex		
Acropyga_acutiventris	0	Formicinae	Plagiolepidini	Acropyga		
Acropyga_epedana	0	Formicinae	Plagiolepidini	Acropyga		
Adelomyrmex_paratristani	0	Myrmicinae	Solenopsidini	Adelomyrmex		
Adelomyrmex_SC01	0	Myrmicinae	Solenopsidini	Adelomyrmex		
Adetomyrma_MAD02	0	Amblyoponinae		Adetomyrma		
Adetomyrma_sp2b	0	Amblyoponinae		Adetomyrma		
Adlerzia_froggatti	0	Myrmicinae	Crematogastrini	Adlerzia		
Aenictogiton_UG01	0	Dorylinae		Aenictogiton		
Aenictogiton_ZAM02	0	Dorylinae		Aenictogiton		
Aenictogiton_ZM02	0	Dorylinae		Aenictogiton		
Aenictus_ceylonicus	0	Dorylinae		Aenictus		
Aenictus_eugenii	0	Dorylinae		Aenictus		
Aenictus_GA03	0	Dorylinae		Aenictus		
Aenictus_sp1	0	Dorylinae		Aenictus		
Aenictus_sp2	0	Dorylinae		Aenictus		
Aenictus_turneri	0	Dorylinae		Aenictus		
Aglyptacros_cf_sulcatus	0	Tiphiinae		Aglyptacros		Glyptacros
Allomerus_octoarticulatus	0	Myrmicinae	Attini	Allomerus		
Amblyopone_australis	0	Amblyoponinae		Amblyopone		
Amyrmex_BR01	0	Dorylinae		Amyrmex		
Ancyridris_polyrhachioides_nr	0	Myrmicinae	Crematogastrini	Ancyridris		
Aneuretus_simoni	0	 Aneuretinae		Aneuretus  		
Anillomyrma_AFRC_TZ_01	0	Myrmicinae	Solenopsidini	Anillomyrma		
Anillomyrma_decamera	0	Myrmicinae	Solenopsidini	Anillomyrma		
Ankylomyrma_coronacantha	0	Agroecomyrmecinae		Ankylomyrma		
Anochetus_emarginatus	0	Ponerinae	Ponerini	Anochetus		
Anochetus_madagascarensis	0	Ponerinae	Ponerini	Anochetus		
Anochetus_mayri	0	Ponerinae	Ponerini	Anochetus		
Anonychomyrma_gilberti	0	Dolichoderinae	Leptomyrmecini	Anonychomyrma		
Anonychomyrma_itinerans	0	Dolichoderinae	Leptomyrmecini	Anonychomyrma		
Anonychomyrma_nitidiceps	0	Dolichoderinae	Leptomyrmecini	Anonychomyrma		
Anoplolepis_gracilipes_Sc	0	Formicinae	Plagiolepidini	Anoplolepis 		
Aphaenogaster_albisetosa	0	Myrmicinae	Stenammini	Aphaenogaster		
Aphaenogaster_araneoides	0	Myrmicinae	Stenammini	Aphaenogaster		
Aphaenogaster_occidentalis	0	Myrmicinae	Stenammini	Aphaenogaster		
Aphaenogaster_pythia	0	Myrmicinae	Stenammini	Aphaenogaster		
Aphaenogaster_swammerdami	0	Myrmicinae	Stenammini	Aphaenogaster		
Aphaenogaster_texana	0	Myrmicinae	Stenammini	Aphaenogaster		
Apomyrma_stygia	0	Amblyoponinae		Apomyrma		
Apterogyna_ZA01	0	Apterogyninae		Apterogyna		
Apterostigma_auriculatum	0	Myrmicinae	Attini	Apterostigma		
Apterostigma_sp	0	Myrmicinae	Attini	Apterostigma		
Aptinoma_antongil	0	Dolichoderinae	Tapinomini	Aptinoma		
Aptinoma_mangabe	0	Dolichoderinae	Tapinomini	Aptinoma		
Arnoldius_AU01	0	Dolichoderinae	Bothriomyrmecini	Arnoldius		
Atopomyrmex_mocquerysi	0	Myrmicinae	Crematogastrini	Atopomyrmex		
Atta_sp	0	Myrmicinae	Attini	Atta		
Atta_texana	0	Myrmicinae	Attini	Atta		
Austromorium_flavigaster	0	Myrmicinae	Solenopsidini	Austromorium		
Austroponera_castanea	0	Ponerinae	Ponerini	Austroponera		
Axinidris_mlalu	0	Dolichoderinae	Tapinomini	Axinidris		
Axinidris_murielae	0	Dolichoderinae	Tapinomini	Axinidris		
Azteca_instabilis	0	Dolichoderinae	Leptomyrmecini	Azteca		
Azteca_ovaticeps	0	Dolichoderinae	Leptomyrmecini	Azteca		
Azteca_schimperi	0	Dolichoderinae	Leptomyrmecini	Azteca		
Azteca_sp	0	Dolichoderinae	Leptomyrmecini	Azteca		
Baracidris_sitra	0	Myrmicinae	Solenopsidini	Baracidris		
Bariamyrma_hispidula	0	Myrmicinae	Solenopsidini	Bariamyrma		
Basiceros_manni	0	Myrmicinae	Attini	Basiceros		
Blepharidatta_conops	0	Myrmicinae	Attini	Blepharidatta		
Bothriomyrmex_meridionalis	0	Dolichoderinae	Bothriomyrmecini	Bothriomyrmex		
Bothriomyrmex_paradoxus	0	Dolichoderinae	Bothriomyrmecini	Bothriomyrmex		
Bothriomyrmex_saundersi	0	Dolichoderinae	Bothriomyrmecini	Bothriomyrmex		
Bothroponera_variolosa	0	Dolichoderinae	Bothriomyrmecini	Bothroponera		
Bothroponera_wasmannii	0	Dolichoderinae	Bothriomyrmecini	Bothroponera		
Brachymyrmex_depilis	0	Formicinae	Myrmelachistini	Brachymyrmex		
Brachymyrmex_sp	0	Formicinae	Myrmelachistini	Brachymyrmex		
Brachyponera_atrata	0	Ponerinae	Ponerini	Brachyponera		
Brachyponera_chinensis	0	Ponerinae	Ponerini	Brachyponera		
Brachyponera_sennaarensis	0	Ponerinae	Ponerini	Brachyponera		
Buniapone_amblyops	0	Ponerinae	Ponerini	Buniapone		
Calomyrmex_albertisi	0	Formicinae	Camponotini	Calomyrmex		
Calyptomyrmex_beccari	0	Myrmicinae	Crematogastrini	Calyptomyrmex		
Calyptomyrmex_kaurus	0	Myrmicinae	Crematogastrini	Calyptomyrmex		
Camponotus_BCA01	0	Formicinae	Camponotini	Camponotus		
Camponotus_conithorax	0	Formicinae	Camponotini	Camponotus		
Camponotus_hyatti	0	Formicinae	Camponotini	Camponotus		
Camponotus_maritimus	0	Formicinae	Camponotini	Camponotus		
Camponotus_ocreatus	0	Formicinae	Camponotini	Camponotus		
Cardiocondyla_emeryi	0	Myrmicinae	Crematogastrini	Cardiocondyla		
Cardiocondyla_mauritanica	0	Myrmicinae	Crematogastrini	Cardiocondyla		
Cardiocondyla_MY01	0	Myrmicinae	Crematogastrini	Cardiocondyla		
Cardiocondyla_thoracica	0	Myrmicinae	Crematogastrini	Cardiocondyla		
Carebara_affinis	0	Myrmicinae	Crematogastrini	Carebara		
Carebara_alperti	0	Myrmicinae	Crematogastrini	Carebara		
Carebara_AU01	0	Myrmicinae	Crematogastrini	Carebara		
Carebara_nosindambo	0	Myrmicinae	Crematogastrini	Carebara		
Carebara_sp	0	Myrmicinae	Crematogastrini	Carebara		
Carebara_sp_2	0	Myrmicinae	Crematogastrini	Carebara		
Carebara_sp_3	0	Myrmicinae	Crematogastrini	Carebara		
Carebara_urichi	0	Myrmicinae	Crematogastrini	Carebara		
Carebara_vidua	0	Myrmicinae	Crematogastrini	Carebara		
Cataglyphis_iberica	0	Formicinae	Formicini	Cataglyphis		
Cataulacus_ebrardi	0	Myrmicinae	Crematogastrini	Cataulacus		
Cataulacus_hispidulus	0	Myrmicinae	Crematogastrini	Cataulacus		
Cataulacus_MAD02	0	Myrmicinae	Crematogastrini	Cataulacus		
Cataulacus_sp	0	Myrmicinae	Crematogastrini	Cataulacus		
Centromyrmex_brachycola	0	Ponerinae	Ponerini	Centromyrmex		
Centromyrmex_feae	0	Ponerinae	Ponerini	Centromyrmex		
Centromyrmex_hamulatus	0	Ponerinae	Ponerini	Centromyrmex		
Centromyrmex_sellaris	0	Ponerinae	Ponerini	Centromyrmex		
Cephalotes_atratus	0	Myrmicinae	Attini	Cephalotes		
Cephalotes_texanus	0	Myrmicinae	Attini	Cephalotes		
Cephalotes_unimaculatus	0	Myrmicinae	Attini	Cephalotes		
Cerapachys_augustae	0	Dorylinae	 	Cephalotes		
Cerapachys_biroi	0	Dorylinae		Cerapachys		
Cerapachys_CM02	0	Dorylinae		Cerapachys		
Cerapachys_desposyne	0	Dorylinae		Cerapachys		
Cerapachys_dohertyi	0	Dorylinae		Cerapachys		
Cerapachys_edentatus	0	Dorylinae		Cerapachys		
Cerapachys_foreli	0	Dorylinae		Cerapachys		
Cerapachys_fragosus	0	Dorylinae		Cerapachys		
Cerapachys_jacobsoni	0	Dorylinae		Cerapachys		
Cerapachys_KH01	0	Dorylinae		Cerapachys		
Cerapachys_KH02	0	Dorylinae		Cerapachys		
Cerapachys_L_MG04	0	Dorylinae		Cerapachys		
Cerapachys_L_MG08	0	Dorylinae		Cerapachys		
Cerapachys_L_MG11	0	Dorylinae		Cerapachys		
Cerapachys_larvatus	0	Dorylinae		Cerapachys		
Cerapachys_LK01	0	Dorylinae		Cerapachys		
Cerapachys_LK02	0	Dorylinae		Cerapachys		
Cerapachys_MG03	0	Dorylinae		Cerapachys		
Cerapachys_MG14	0	Dorylinae		Cerapachys		
Cerapachys_MG39	0	Dorylinae		Cerapachys		
Cerapachys_MG42	0	Dorylinae		Cerapachys		
Cerapachys_MG43	0	Dorylinae		Cerapachys		
Cerapachys_nkomoensis	0	Dorylinae		Cerapachys		
Cerapachys_P_MG09	0	Dorylinae		Cerapachys		
Cerapachys_paradoxus	0	Dorylinae		Cerapachys		
Cerapachys_PG01	0	Dorylinae		Cerapachys		
Cerapachys_sauteri	0	Dorylinae		Cerapachys		
Cerapachys_sexspinus	0	Dorylinae		Cerapachys		
Cerapachys_splendens	0	Dorylinae		Cerapachys		
Cerapachys_suscitatus	0	Dorylinae		Cerapachys		
Cerapachys_sylvicola	0	Dorylinae		Cerapachys		
Cerapachys_TH01	0	Dorylinae		Cerapachys		
Cerapachys_TH02	0	Dorylinae		Cerapachys		
Cerapachys_TH03	0	Dorylinae		Cerapachys		
Cerapachys_typhlus	0	Dorylinae		Cerapachys		
Cheliomyrmex_morosus_cf	0	Dorylinae		Cheliomyrmex		
Chronoxenus_wroughtonii_javanus	0	Dolichoderinae	Bothriomyrmecini	Chronoxenus		
Chyphotes_mellipes	0	Bradynobaenidae	Chyphotinae	Chyphotes		
Chyphotes_sp	0	Bradynobaenidae	Chyphotinae	Chyphotes		
Colobostruma_unicorna	0	Myrmicinae	Attini	Colobostruma		
Concoctio_concenta	0	Myrmicinae	Crematogastrini	Concoctio		
Crematogaster_acuta	0	Myrmicinae	Crematogastrini	Crematogaster		
Crematogaster_emeryana	0	Myrmicinae	Crematogastrini	Crematogaster		
Crematogaster_kelleri	0	Myrmicinae	Crematogastrini	Crematogaster		
Crematogaster_modiglianii	0	Myrmicinae	Crematogastrini	Crematogaster		
Crematogaster_navajoa	0	Myrmicinae	Crematogastrini	 Crematogaster		
Crematogaster_sordidula	0	Myrmicinae	Crematogastrini	Crematogaster		
Cryptomyrmex_boltoni	0	Myrmicinae	Solenopsidini	Cryptomyrmex		
Cryptopone_gilva	0	Ponerinae	Ponerini	Cryptopone		
Cryptopone_sauteri	0	Ponerinae	Ponerini	Cryptopone		
Cyatta_abscondita_GenBank	0	Myrmicinae	Attini	Cyatta		
Cylindromyrmex_meinerti	0	Dorylinae		Cylindromyrmex		
Cylindromyrmex_striatus	0	Dorylinae		Cylindromyrmex		
Cyphoidris_exalta	0	Myrmicinae	Attini	Cyphoidris		
Cyphomyrmex_cornutus	0	Myrmicinae	Attini	Cyphomyrmex		
Cyphomyrmex_longiscapus_cf	0	Myrmicinae	Attini	Cyphomyrmex		
Cyphomyrmex_sp	0	Myrmicinae	Attini	Cyphomyrmex		
Dacatria_templaris	0	Myrmicinae	Crematogastrini	Dacatria		
Dacetinops_ignotus_cf	0	Myrmicinae	Crematogastrini	Dacetinops		
Daceton_armigerum	0	Myrmicinae	Attini	Daceton		
Diacamma_rugosum	0	Ponerinae	Ponerini	Diacamma		
Diacamma_sp	0	Ponerinae	Ponerini	Diacamma		
Diacamma_sp_Indo1	0	Ponerinae	Ponerini	Diacamma		
Diaphoromyrma_sofiae	0	Myrmicinae	Attini	Diaphoromyrma		
Dicroaspis_KM01	0	Myrmicinae	Crematogastrini	Dicroaspis		
Dilobocondyla_borneensis_cf	0	Myrmicinae	Crematogastrini	Dilobocondyla		
Dilobocondyla_sp	0	Myrmicinae	Crematogastrini	Dilobocondyla		
Dinoponera_australis	0	Ponerinae	Ponerini	Dinoponera		
Dinoponera_gigantea	0	Ponerinae	Ponerini	Dinoponera		
Diplomorium_longipenne	0	Myrmicinae	Crematogastrini	Diplomorium		
Discothyrea_MAD07	0	Proceratiinae	Proceratiini	Discothyrea		
Discothyrea_sp	0	Proceratiinae	Proceratiini	Discothyrea		
Doleromyrma_darwiniana	0	Dolichoderinae	Leptomyrmecini	Doleromyrma		
Dolichoderus_debilis	0	Dolichoderinae	Dolichoderini	Dolichoderus		
Dolichoderus_decollatus	0	Dolichoderinae	Dolichoderini	Dolichoderus		
Dolichoderus_erectilobus	0	Dolichoderinae	Dolichoderini	Dolichoderus		
Dolichoderus_imitator	0	Dolichoderinae	Dolichoderini	Dolichoderus		
Dolichoderus_lamellosus	0	Dolichoderinae	Dolichoderini	Dolichoderus		
Dolichoderus_pustulatus	0	Dolichoderinae	Dolichoderini	Dolichoderus		
Dolichoderus_scabridus	0	Dolichoderinae	Dolichoderini	Dolichoderus		
Dolopomyrmex_pilatus	0	Myrmicinae	Solenopsidini	Dolopomyrmex		
Dorylus_emeryi_opacus	0	Dorylinae		Dorylus		
Dorylus_GA01	0	Dorylinae		Dorylus		
Dorylus_helvolus	0	Dorylinae		Dorylus		
Dorylus_laevigatus	0	Dorylinae		Dorylus		
Dorylus_mayri	0	Dorylinae		Dorylus		
Dorylus_wilverthi	0	Dorylinae		Dorylus		
Dorymyrmex_bicolor	0	Dolichoderinae	Leptomyrmecini	Dorymyrmex		
Dorymyrmex_elegans	0	Dolichoderinae	Leptomyrmecini	Dorymyrmex		
Dorymyrmex_planidens	0	Dolichoderinae	Leptomyrmecini	Dorymyrmex		
Eciton_hamatum	0	Dorylinae	Eciton	Eciton		
Eciton_vagans	0	Dorylinae	Eciton	Eciton		
Ectatomma_opaciventre	0	Ectatomminae	Ectatommini	Ectatomma		
Ectatomma_quadridens	0	Ectatomminae	Ectatommini	Ectatomma		
Emeryopone_buttelreepeni	0	Ponerinae	Ponerini	Emeryopone		
Epelysidris_brocha	0	Myrmicinae	Solenopsidini	Epelysidris		
Epopostruma_monstrosa	0	Myrmicinae	Attini	Epopostruma		
Euponera_sikorae	0	Ponerinae	Ponerini	Euponera		
Euprenolepis_procera	0	Formicinae	Lasiini	Euprenolepis		
Euprenolepis_wittei	0	Formicinae	Lasiini	Euprenolepis		
Eurhopalothrix_australis	0	Myrmicinae	Attini	Eurhopalothrix		
Eurhopalothrix_bolaui	0	Myrmicinae	Attini	Eurhopalothrix		
Eurhopalothrix_gravis	0	Myrmicinae	Attini	Eurhopalothrix		
Eurhopalothrix_philippina	0	Myrmicinae	Attini	Eurhopalothrix		
Eutetramorium_mocquerysi	0	Myrmicinae	Crematogastrini	Eutetramorium		
Eutetramorium_sp	0	Myrmicinae	Crematogastrini	Eutetramorium		
Forelius_chalybaeus	0	Dolichoderinae	Leptomyrmecini	Forelius		
Forelius_pruinosus	0	Dolichoderinae	Leptomyrmecini	Forelius		
Forelius_sp	0	Dolichoderinae	Leptomyrmecini	Forelius		
Formica_moki	0	Formicinae	Formicini	Formica		
Formica_wheeleri	0	Formicinae	Formicini	Formica		
Formicoxenus_diversipilosus	0	Myrmicinae	Crematogastrini	Formicoxenus		
Formicoxenus_provancheri	0	Myrmicinae	Crematogastrini	Formicoxenus		
Froggattella_kirbii	0	Dolichoderinae	Leptomyrmecini	Froggattella		
Froggattella_latispina	0	Dolichoderinae	Leptomyrmecini	Froggattella		
Gauromyrmex_acanthinus	0	Myrmicinae	Crematogastrini	Gauromyrmex		
Gnamptogenys_sp	0	Ectatomminae	Ectatommini	Gnamptogenys		
Gnamptogenys_striatula	0	Ectatomminae	Ectatommini	Gnamptogenys		
Goniomma_blanci	0	Myrmicinae	Stenammini	Goniomma		
Goniomma_hispanicum	0	Myrmicinae	Stenammini	Goniomma		
Gracilidris_pombero	0	Dolichoderinae	Leptomyrmecini	Gracilidris		
Hagensia_havilandi	0	Ponerinae	Ponerini	Hagensia		
Harpagoxenus_sublaevis	0	Myrmicinae	Crematogastrini	Harpagoxenus		
Harpegnathos_saltator	0	Ponerinae	Ponerini	Harpegnathos		
Harpegnathos_venator	0	Ponerinae	Ponerini	Harpegnathos		
Heteroponera_microps	0	Heteroponerinae	 	Heteroponera		
Heteroponera_panamensis	0	Heteroponerinae	 	Heteroponera		
Huberia_brounii	0	Myrmicinae	Crematogastrini	Huberia		
Hylomyrma_blandiens	0	Myrmicinae	Pogonomyrmecini	Hylomyrma		
Hypoponera_inexorata	0	Ponerinae	Ponerini	Hypoponera		
Hypoponera_opacior	0	Ponerinae	Ponerini	Hypoponera		
Hypoponera_sakalava	0	Ponerinae	Ponerini	Hypoponera		
Hypoponera_sp_Mal1	0	Ponerinae	Ponerini	Hypoponera		
Hypoponera_sp_Mal2	0	Ponerinae	Ponerini	Hypoponera		
Hypoponera_sp_Mal3	0	Ponerinae	Ponerini	Hypoponera		
Iridomyrmex_AU01	0	Dolichoderinae	Leptomyrmecini	Iridomyrmex		
Iridomyrmex_pallidus	0	Dolichoderinae	Leptomyrmecini	Iridomyrmex		
Iridomyrmex_sanguineus	0	Dolichoderinae	Leptomyrmecini	Iridomyrmex		
Iridomyrmex_spadius	0	Dolichoderinae	Leptomyrmecini	Iridomyrmex		
Kalathomyrmex_emeryi	0	Myrmicinae	Attini	Kalathomyrmex		
Kartidris_sparsipila	0	Myrmicinae	Crematogastrini	Kartidris		
Kempfidris_inusuale	0	Myrmicinae	Solenopsidini	Kempfidris		
Labidus_praedator	0	Dorylinae		Labidus		
Labidus_spininodis	0	Dorylinae		Labidus		
Lachnomyrmex_scrobiculatus	0	Myrmicinae	Attini	Lachnomyrmex		
Lasius_alienus	0	Formicinae	Lasiini	Lasius		
Lasius_californicus	0	Formicinae	Lasiini	Lasius		
Lasius_latipes	0	Formicinae	Lasiini	Lasius		
Lenomyrmex_colwelli	0	Myrmicinae	Attini	Lenomyrmex		
Leptanilla_GRE01	0	Leptanillinae	Leptomyrmecini	Leptanilla		
Leptanilla_RSA01	0	Leptanillinae	Leptomyrmecini	Leptanilla		
Leptanilla_sp	0	Leptanillinae	Leptomyrmecini	Leptanilla		
Leptanilloides_femoralis	0	Dorylinae		Leptanilloides		
Leptanilloides_gracilis	0	Dorylinae		Leptanilloides		
Leptanilloides_mckennae	0	Dorylinae		Leptanilloides		
Leptanilloides_nomada	0	Dorylinae		Leptanilloides		
Leptanilloides_nubecula	0	Dorylinae		Leptanilloides		
Leptogenys_attenuata	0	Ponerinae	Ponerini	Leptogenys		
Leptogenys_crassicornis	0	Ponerinae	Ponerini	Leptogenys		
Leptogenys_diminuta	0	Ponerinae	Ponerini	Leptogenys		
Leptogenys_falcigera	0	Ponerinae	Ponerini	Leptogenys		
Leptogenys_iridescens	0	Ponerinae	Ponerini	Leptogenys		
Leptogenys_occidentalis	0	Ponerinae	Ponerini	Leptogenys		
Leptogenys_sp	0	Ponerinae	Ponerini	Leptogenys		
Leptogenys_sp_Ecu1	0	Ponerinae	Ponerini	Leptogenys		
Leptomyrmex_AU01	0	Dolichoderinae	Leptomyrmecini	Leptomyrmex		
Leptomyrmex_AUS01	0	Dolichoderinae	Leptomyrmecini	Leptomyrmex		
Leptomyrmex_erythrocephalus	0	Dolichoderinae	Leptomyrmecini	Leptomyrmex		
Leptomyrmex_sp	0	Dolichoderinae	Leptomyrmecini	Leptomyrmex		
Leptothorax_muscorum_complex	0	Myrmicinae	Crematogastrini	Leptothorax		
Leptothorax_sp	0	Myrmicinae	Crematogastrini	Leptothorax		
Linepithema_humile	0	Dolichoderinae	Leptomyrmecini	Linepithema		
Linepithema_keiteli	0	Dolichoderinae	Leptomyrmecini	Linepithema		
Liometopum_apiculatum	0	Dolichoderinae	Tapinomini	Liometopum		
Liometopum_luctuosum	0	Dolichoderinae	Tapinomini	Liometopum		
Liometopum_occidentale	0	Dolichoderinae	Tapinomini	Liometopum		
Liomyrmex_gestroi	0	Myrmicinae	Crematogastrini	Liomyrmex		
Loboponera_politula	0	Ponerinae	Ponerini	Loboponera		
Lophomyrmex_ambiguus	0	Myrmicinae	Crematogastrini	Lophomyrmex		
Lophomyrmex_striatulus	0	Myrmicinae	Crematogastrini	Lophomyrmex		
Lordomyrma_bhutanensis_cf	0	Myrmicinae	Crematogastrini	Lordomyrma		
Lordomyrma_desupra	0	Myrmicinae	Crematogastrini	Lordomyrma		
Loweriella_boltoni	0	Dolichoderinae	Bothriomyrmecini	Loweriella		
Malagidris_belti	0	Myrmicinae	Crematogastrini	Malagidris		
Malagidris_jugum	0	Myrmicinae	Crematogastrini	Malagidris		
Manica_bradleyi	0	Myrmicinae	Myrmicini	Manica		
Manica_rubida	0	Myrmicinae	Myrmicini	Manica		
Martialis_heureka	0	Martialinae		Martialis		
Mayaponera_constricta	0	Ponerinae	Ponerini	Mayaponera		
Mayriella_ebbei	0	Myrmicinae	Crematogastrini	Mayriella		
Mayriella_transfuga	0	Myrmicinae	Crematogastrini	Mayriella		
Megalomyrmex_foreli	0	Myrmicinae	Solenopsidini	Megalomyrmex		
Megalomyrmex_silvestrii	0	Myrmicinae	Solenopsidini	Megalomyrmex		
Megaponera_analis	0	Ponerinae	Ponerini	Megaponera		
Melissotarsus_insularis	0	Myrmicinae	Crematogastrini	Melissotarsus		
Melophorus_sp	0	Formicinae	Melophorini	Melophorus 		
Meranoplus_castaneus	0	Myrmicinae	Crematogastrini	Meranoplus		
Meranoplus_cf_radamae	0	Myrmicinae	Crematogastrini	Meranoplus		
Meranoplus_mayri	0	Myrmicinae	Crematogastrini	Meranoplus		
Meranoplus_radamae	0	Myrmicinae	Crematogastrini	Meranoplus		
Mesoponera_ingesta	0	Ponerinae	Ponerini	Mesoponera		
Mesoponera_rubra	0	Ponerinae	Ponerini	Mesoponera		
Mesostruma_browni	0	Myrmicinae	Attini	Mesostruma		
Messor_denticornis	0	Myrmicinae	Stenammini	Messor		
Messor_wasmanni	0	Myrmicinae	Stenammini	Messor		
Metapolybia_cingulata	0	Polistinae	Epiponini	Metapolybia		
Metapone_madagascarica	0	Myrmicinae	Crematogastrini	Metapone		
Metapone_PG01	0	Myrmicinae	Crematogastrini	Metapone		
Microdaceton_tibialis	0	Myrmicinae	Attini	Microdaceton		
Mischocyttarus_flavitarsis	0	Polistinae	Mischocyttarini	Mischocyttarus		
Monomorium_antarcticum	0	Myrmicinae	Solenopsidini	Monomorium		
Monomorium_denticulatum	0	Myrmicinae	Solenopsidini	Monomorium		
Monomorium_ergatogyna	0	Myrmicinae	Solenopsidini	Monomorium		
Monomorium_exiguum	0	Myrmicinae	Solenopsidini	Monomorium		
Monomorium_fieldi_nr	0	Myrmicinae	Solenopsidini	Monomorium		
Monomorium_hanneli	0	Myrmicinae	Solenopsidini	Monomorium		
Monomorium_latinode	0	Myrmicinae	Solenopsidini	Monomorium		
Monomorium_madecassum	0	Myrmicinae	Solenopsidini	Monomorium		
Monomorium_MG04	0	Myrmicinae	Solenopsidini	Monomorium		
Monomorium_pharaonis	0	Myrmicinae	Solenopsidini	Monomorium		
Mycetagroicus_triangularis_GenBank	0	Myrmicinae	Attini	Mycetagroicus		
Mycetarotes_acutus	0	Myrmicinae	Attini	Mycetarotes		
Mycetophylax_conformis_GenBank	0	Myrmicinae	Attini	Mycetophylax		
Mycetosoritis_hartmanni	0	Myrmicinae	Attini	Mycetosoritis		
Mycocepurus_goeldii	0	Myrmicinae	Attini	Mycocepurus		
Myopias_lobosa	0	Ponerinae	Ponerini	Myopias		
Myopias_sp_Mal1	0	Ponerinae	Ponerini	Myopias		
Myopias_tenuis	0	Ponerinae	Ponerini	Myopias		
Myopopone_castanea	0	Amblyoponinae	 	Myopopone  		
Myrcidris_epicharis	0	Pseudomyrmecinae		Myrcidris		
Myrmecia_fulviculis	0	Myrmeciinae	Myrmeciini	Myrmecia		
Myrmecia_pyriformis	0	Myrmeciinae	Myrmeciini	Myrmecia		
Myrmecina_americana	0	Myrmicinae	Crematogastrini	Myrmecina		
Myrmecina_graminicola	0	Myrmicinae	Crematogastrini	Myrmecina		
Myrmecina_PG01	0	Myrmicinae	Crematogastrini	Myrmecina		
Myrmecocystus_flaviceps	0	Formicinae	Lasiini	Myrmecocystus		
Myrmecocystus_mexicanus	0	Formicinae	Lasiini	Myrmecocystus		
Myrmecorhynchus_sp	0	Formicinae	Melophorini	Myrmecorhynchus		
Myrmelachista_flavocotea	0	Formicinae	Myrmelachistini	Myrmelachista		
Myrmelachista_JTL01	0	Formicinae	Myrmelachistini	Myrmelachista		
Myrmelachista_sp	0	Formicinae	Myrmelachistini	Myrmelachista		
Myrmica_incompleta	0	Myrmicinae	Myrmicini	Myrmica		
Myrmica_kotokui	0	Myrmicinae	Myrmicini	Myrmica		
Myrmica_rugiventris	0	Myrmicinae	Myrmicini	Myrmica		
Myrmica_striolagaster	0	Myrmicinae	Myrmicini	Myrmica		
Myrmica_tahoensis	0	Myrmicinae	Myrmicini	Myrmica		
Myrmicaria_brunnea	0	Myrmicinae	Solenopsidini	Myrmicaria		
Myrmicaria_carinata	0	Myrmicinae	Solenopsidini	Myrmicaria		
Myrmicaria_exigua	0	Myrmicinae	Solenopsidini	Myrmicaria		
Myrmicocrypta_infuscata_cf	0	Myrmicinae	Attini	Myrmicocrypta		
Myrmisaraka_brevis	0	Myrmicinae	Crematogastrini	Myrmisaraka		
Myrmoteras_iriodum	0	Formicinae	Myrmoteratini	Myrmoteras		
Myrmoteras_williamsi	0	Formicinae	Myrmoteratini	Myrmoteras		
Mystrium_mysticum	0	Amblyoponinae		Mystrium		
Mystrium_rogeri	0	Amblyoponinae		Mystrium		
Nebothriomyrmex_majeri	0	Dolichoderinae	Leptomyrmecini	Nebothriomyrmex		
Neivamyrmex_CR01	0	Dorylinae		Neivamyrmex		
Neivamyrmex_nigrescens	0	Dorylinae	 	Neivamyrmex 		
Neoponera_aenescens	0	Ponerinae	Ponerini	Neoponera		
Neoponera_apicalis	0	Ponerinae	Ponerini	Neoponera		
Neoponera_carinulata	0	Ponerinae	Ponerini	Neoponera		
Neoponera_commutata	0	Ponerinae	Ponerini	Neoponera		
Neoponera_fauveli	0	Ponerinae	Ponerini	Neoponera		
Neoponera_marginata	0	Ponerinae	Ponerini	Neoponera		
Neoponera_unidentata	0	Ponerinae	Ponerini	Neoponera		
Neoponera_villosa	0	Ponerinae	Ponerini	Neoponera		
Nesomyrmex_echinatinodis	0	Myrmicinae	Crematogastrini	Nesomyrmex		
Nesomyrmex_madecassus	0	Myrmicinae	Crematogastrini	Nesomyrmex		
Nesomyrmex_MG01	0	Myrmicinae	Crematogastrini	Nesomyrmex		
Nesomyrmex_MG08	0	Myrmicinae	Crematogastrini	Nesomyrmex		
Nesomyrmex_wilda	0	Myrmicinae	Crematogastrini	Nesomyrmex		
Nomamyrmex_esenbeckii	0	Dorylinae	 	Nomamyrmex		
Nothomyrmecia_macrops	0	Myrmicinae	Prionomyrmecini	Nothomyrmecia		
Notoncus_capitatus	0	Formicinae	Melophorini	Notoncus		
Notoncus_sp	0	Formicinae	Melophorini	Notoncus		
Notostigma_carazzii	0	Formicinae	Melophorini	Notostigma		
Nylanderia_amblyops_a	0	Formicinae	Lasiini	Nylanderia		
Nylanderia_cf_bourbonica	0	Formicinae	Lasiini	Nylanderia		
Nylanderia_cf_madagascarensis	0	Formicinae	Lasiini	Nylanderia		
Nylanderia_cf_pubens	0	Formicinae	Lasiini	Nylanderia		
Nylanderia_cf_vagaB	0	Formicinae	Lasiini	Nylanderia		
Nylanderia_concinna	0	Formicinae	Lasiini	Nylanderia		
Nylanderia_dodo	0	Formicinae	Lasiini	Nylanderia		
Nylanderia_faisonensis	0	Formicinae	Lasiini	Nylanderia		
Nylanderia_hystrix	0	Formicinae	Lasiini	Nylanderia		
Nylanderia_parvula	0	Formicinae	Lasiini	Nylanderia		
Nylanderia_phantasma	0	Formicinae	Lasiini	Nylanderia		
Nylanderia_sp_CHR01	0	Formicinae	Lasiini	Nylanderia		
Nylanderia_sp_DMR01	0	Formicinae	Lasiini	Nylanderia		
Nylanderia_sp_FIJ01	0	Formicinae	Lasiini	Nylanderia		
Nylanderia_sp_GUY01	0	Formicinae	Lasiini	Nylanderia		
Nylanderia_sp_GUY02	0	Formicinae	Lasiini	Nylanderia		
Nylanderia_sp_GUY03	0	Formicinae	Lasiini	Nylanderia		
Nylanderia_sp_MAD01	0	Formicinae	Lasiini	Nylanderia		
Nylanderia_sp_PER01	0	Formicinae	Lasiini	Nylanderia		
Nylanderia_sp_PER02	0	Formicinae	Lasiini	Nylanderia		
Nylanderia_terricola	0	Formicinae	Lasiini	Nylanderia		
Nylanderia_vitiensis	0	Formicinae	Lasiini	Nylanderia		
Nylanderia_vividula_a	0	Formicinae	Lasiini	Nylanderia		
Nylanderia_wojciki	0	Formicinae	Lasiini	Nylanderia		
Ochetellus_cf_glaber_clarithorax	0	Dolichoderinae		Ochetellus		
Ochetomyrmex_neopolitus	0	Myrmicinae	Attini	Ochetomyrmex		
Ochetomyrmex_semipolitus	0	Myrmicinae	Attini	Ochetomyrmex		
Octostruma_EC01	0	Myrmicinae	Attini	Octostruma		
Ocymyrmex_fortior_cf	0	Myrmicinae	Crematogastrini	Ocymyrmex		
Ocymyrmex_picardi	0	Myrmicinae	Crematogastrini	Ocymyrmex		
Odontomachus_cephalotes	0	Ponerinae	Ponerini	Odontomachus		
Odontomachus_clarus	0	Ponerinae	Ponerini	Odontomachus		
Odontomachus_coquereli	0	Ponerinae	Ponerini	Odontomachus		
Odontomachus_simillimus	0	Ponerinae	Ponerini	Odontomachus		
Odontoponera_transversa	0	Ponerinae	Ponerini	Odontomachus		
Oecophylla_smaragdina	0	Formicinae	Oecophyllini	Oecophylla		
Onychomyrmex_hedleyi	0	Amblyoponinae		Onychomyrmex		
Ophthalmopone_berthoudi	0	Ponerinae	Ponerini	Ophthalmopone		
Opisthopsis_respiciens	0	Formicinae	Camponotini	Opisthopsis		
Opisthopsis_sp	0	Formicinae	Camponotini	Opisthopsis		
Orectognathus_versicolor	0	Myrmicinae	Attini	Orectognathus		
Oxyepoecus_vezenyii	0	Myrmicinae	Solenopsidini	Oxyepoecus		
Oxyopomyrmex_insularis	0	Myrmicinae	Stenammini	Oxyopomyrme		
Oxyopomyrmex_santschii	0	Myrmicinae	Stenammini	Oxyopomyrme		
Pachycondyla_crassinoda	0	Ponerinae	Ponerini	Pachycondyla		
Pachycondyla_harpax	0	Ponerinae	Ponerini	Pachycondyla		
Pachycondyla_impressa	0	Ponerinae	Ponerini	Pachycondyla		
Pachycondyla_sp_CAR1	0	Ponerinae	Ponerini	Pachycondyla		
Pachycondyla_sp_JTL011	0	Ponerinae	Ponerini	Pachycondyla		
Pachycondyla_sp_Mal1	0	Ponerinae	Ponerini	Pachycondyla		
Pachycondyla_sp_Mal2	0	Ponerinae	Ponerini	Pachycondyla		
Pachycondyla_sp_Mal3	0	Ponerinae	Ponerini	Pachycondyla		
Paltothyreus_tarsatus	0	Ponerinae	Ponerini	Paltothyreus		
Papyrius_nitidus	0	 Dolichoderinae	 Leptomyrmecini	Papyrius 		
Paraparatrechina_cf_oceanica	0	Formicinae	Lasiini	Paraparatrechina		
Paraparatrechina_glabra	0	Formicinae	Lasiini	Paraparatrechina		
Paraparatrechina_sp_PHL01	0	Formicinae	Lasiini	Paraparatrechina		
Paraparatrechina_sp_PHL02	0	Formicinae	Lasiini	Paraparatrechina		
Paraparatrechina_sp_PHL03	0	Formicinae	Lasiini	Paraparatrechina		
Paraparatrechina_weissi	0	Formicinae	Lasiini	Paraparatrechina		
Paraponera_clavata	0	Paraponerinae		Paraponera		
Paratopula_TH01	0	Myrmicinae	Crematogastrini	Paratopula		
Paratrechina_longicornis	0	Formicinae	Lasiini	Paraparatrechina		
Perissomyrmex_snyderi	0	Myrmicinae	Crematogastrini	Perissomyrmex		
Phalacromyrmex_fugax	0	Myrmicinae	Attini	Phalacromyrmex		
Pheidole_antipodum	0	Myrmicinae	Attini	Pheidole		
Pheidole_clydei	0	Myrmicinae	Attini	Pheidole		
Pheidole_dispar	0	Myrmicinae	Attini	Pheidole		
Pheidole_fimbriata	0	Myrmicinae	Attini	Pheidole		
Pheidole_hyatti	0	Myrmicinae	Attini	Pheidole		
Pheidole_longispinosa	0	Myrmicinae	Attini	Pheidole		
Pheidole_lucioccipitalis	0	Myrmicinae	Attini	Pheidole		
Pheidole_pallidula	0	Myrmicinae	Attini	Pheidole		
Pheidole_rhea	0	 Myrmicinae	 Attini	Pheidole		
Philidris_cordata	0	 Dolichoderinae	 Leptomyrmecini	Philidris		
Phrynoponera_gabonensis	0	Ponerinae	Ponerini	Phrynoponera		
Pilotrochus_besmerus	0	Myrmicinae	Attini	Pilotrtochus		
Plagiolepis_sp	0	Formicinae	Plagiolepidini	Plagiolepis		
Platythyrea_lamellosa	0	Ponerinae	Platythyreini	Platythyrea		
Platythyrea_mocquerysi	0	Ponerinae	Platythyreini	Platythyrea		
Platythyrea_punctata	0	Ponerinae	Platythyreini	Platythyrea		
Platythyrea_quadridenta	0	Ponerinae	Platythyreini	Platythyrea		
Platythyrea_strenua	0	Ponerinae	Platythyreini	Platythyrea		
Platythyrea_turneri	0	Ponerinae	Platythyreini	Platythyrea		
Plectroctena_minor	0	Ponerinae	Ponerini	Plectroctena		
Plectroctena_ugandensis	0	Ponerinae	Ponerini	Plectroctena		
Podomyrma_silvicola	0	Myrmicinae	Crematogastrini	Podomyrma		
Podomyrma_sp	0	Myrmicinae	Crematogastrini	Podomyrma		
Poecilomyrma_myrmecodiae	0	Myrmicinae	Crematogastrini	Poeciliomyra 		
Pogonomyrmex_angustus	0	Myrmicinae	Pogonomyrmecini	Pogonomyrmex		
Pogonomyrmex_imberbiculus	0	Myrmicinae	Pogonomyrmecini	Pogonomyrmex		
Pogonomyrmex_maricopa	0	Myrmicinae	Pogonomyrmecini	Pogonomyrmex		
Pogonomyrmex_striatinodus	0	Myrmicinae	Pogonomyrmecini	Pogonomyrmex		
Pogonomyrmex_subdentatus	0	Myrmicinae	Pogonomyrmecini	Pogonomyrmex		
Pogonomyrmex_vermiculatus	0	Myrmicinae	Pogonomyrmecini	Pogonomyrmex		
Polyergus_breviceps	0	Formicinae	Formicini	Polyergus		
Polyrhachis_cf_vindex	0	Formicinae	Camponotini	Polyrhachis		
Polyrhachis_Cyrto01	0	Formicinae	Camponotini	Polyrhachis		
Polyrhachis_Hagio01	0	Formicinae	Camponotini	Polyrhachis		
Ponera_pennsylvanica	0	Ponerinae	Ponerini	Ponera		
Ponera_sp_Mal1	0	Ponerinae	Ponerini	Ponera		
Prenolepis_imparis	0	Formicinae	Lasiini	Prenolepis		
Prenolepis_nitens	0	Formicinae	Lasiini	Prenolepis		
Prenolepis_sp_PHL01	0	Formicinae	Lasiini	Prenolepis		
Prionopelta_MAD01	0	Amblyoponinae		Prionopelta		
Prionopelta_sp2	0	Amblyoponinae		Prionopelta		
Pristomyrmex_orbiceps	0	Myrmicinae	Crematogastrini	Pristomyrmex		
Pristomyrmex_punctatus	0	Myrmicinae	Crematogastrini	Pristomyrmex		
Pristomyrmex_sp	0	Myrmicinae	Crematogastrini	Pristomyrmex		
Proatta_butteli	0	Myrmicinae	Crematogastrini	Proatta		
Probolomyrmex_sp	0	Proceratiinae	Probolomyrmecini	Probolomyrmex		
Probolomyrmex_tani	0	Proceratiinae	Probolomyrmecini	Probolomyrmex		
Proceratium_MAD08	0	Proceratiinae	Proceratiini	Proceratium		
Proceratium_sp1	0	Proceratiinae	Proceratiini	Proceratium 		
Proceratium_stictum	0	Proceratiinae	Proceratiini	Proceratium 		
Procryptocerus_batesi	0	Myrmicinae	Attini	Procryptocerus		
Procryptocerus_scabriusculus	0	Myrmicinae	Attini	Procryptocerus		
Proformica_nasuta	0	Formicinae	Formicini	Proformica		
Prolasius_sp	0	Formicinae	Melophorini	Prolasius		
Propodilobus_pingorum	0	Myrmicinae	Crematogastrini	Propodilobus		
Protalaridris_armata	0	Myrmicinae	Attini	Protalaridris		
Protanilla_JAP01	0	Leptanillinae	Anomalomyrmini	Protanilla 		
Protanilla_sp	0	Leptanillinae	Anomalomyrmini	Protanilla 		
Psalidomyrmex_procerus	0	Ponerinae	Ponerini	Psalidomyrmex		
Pseudolasius_australis	0	Formicinae	Lasiini	Pseudolasius		
Pseudolasius_sp_PHL01	0	Formicinae	Lasiini	Pseudolasius		
Pseudolasius_typhlops	0	Formicinae	Lasiini	Pseudolasius		
Pseudomyrmex_apache	0	Pseudomyrmecinae		Pseudomyrmex		
Pseudomyrmex_gracilis	0	Pseudomyrmecinae		Pseudomyrmex		
Pseudoneoponera_rufipes	0	Ponerinae	Ponerini	Pseudoneoponera		
Pseudoponera_stigma	0	Ponerinae	Ponerini	Pseudoponera		
Ravavy_miafina	0	Dolichoderinae	Bothriomyrmecini	Ravavy		
Recurvidris_TH01	0	Myrmicinae	Crematogastrini	Recurvidris		
Rhopalomastix_janeti	0	Myrmicinae	Crematogastrini	Rhopalomastix		
Rhopalomastix_rothneyi	0	Myrmicinae	Crematogastrini	Rhopalomastix		
Rhopalothrix_isthmica	0	Myrmicinae	Attini	Rhopalothrix		
Rhytidoponera_chalybaea	0	Ectatomminae	Ectatommini	Rhytidoponera		
Rhytidoponera_metallica	0	Ectatomminae	Ectatommini	Rhytidoponera		
Rogeria_nevadensis	0	Myrmicinae	Solenopsidini	Rogeria		
Rogeria_stigmatica	0	Myrmicinae	Solenopsidini	Rogeria		
Romblonella_scrobifera	0	Myrmicinae	Crematogastrini	Romblonella		
Rotastruma_recava	0	Myrmicinae	Crematogastrini	Rotastruma		
Rotastruma_stenoceps	0	Myrmicinae	Crematogastrini	Rotastruma		
Royidris_longiseta	0					
Royidris_notorthotenes	0					
Secostruma_MY01	0					
Sericomyrmex_sp	0					
Simopelta_cf_pergandei	0					
Simopelta_sp_Ecu1	0					
Simopelta_sp_Ecu2	0					
Simopelta_sp_JTL001	0					
Simopone_conradti	0					
Simopone_dryas	0					
Simopone_latiscapa	0					
Simopone_marleyi	0					
Simopone_oculata	0					
Simopone_trita	0					
Solenopsis_fugax	0					
Solenopsis_invicta	0					
Solenopsis_mameti	0					
Solenopsis_molesta	0					
Solenopsis_PA01	0					
Solenopsis_papuana	0					
Solenopsis_succinea	0					
Solenopsis_xyloni	0					
Solenopsis_ZA02	0					
Sphinctomyrmex_CM01	0					
Sphinctomyrmex_KE01	0					
Sphinctomyrmex_sp	0					
Sphinctomyrmex_stali	0					
Sphinctomyrmex_steinheili	0					
Stegomyrmex_manni	0					
Stenamma_dyscheres	0					
Stenamma_expolitum	0					
Stenamma_snellingi	0					
Stenamma_striatulum	0					
Stigmacros_sp	0					
Stigmatomma_pallipes	0					
Streblognathus_peetersi	0					
Strongylognathus_testaceus	0					
Strumigenys_ambatrix	0					
Strumigenys_biolleyi	0					
Strumigenys_chiricahua	0					
Strumigenys_chyzeri	0					
Strumigenys_coveri	0					
Strumigenys_dicomas	0					
Strumigenys_emmae	0					
Strumigenys_erynnes	0					
Strumigenys_exiguaevitae	0					
Strumigenys_godeffroyi	0					
Strumigenys_gundlachi	0					
Strumigenys_hoplites	0					
Strumigenys_ludovici	0					
Strumigenys_maxillaris	0					
Strumigenys_membranifera	0					
Strumigenys_nitens	0					
Strumigenys_ocypete	0					
Strumigenys_olsoni	0					
Strumigenys_pulchella	0					
Strumigenys_rogeri	0					
Strumigenys_sp	0					
Syllophopsis_ferodens	0					
Syllophopsis_fisheri	0					
Syllophopsis_sechellense	0					
Talaridris_mandibularis	0					
Tanipone_zona	0					
Tapinoma_melanocephalum	0					
Tapinoma_MG03	0					
Tapinoma_opacum	0					
Tapinoma_sessile	0					
Tatuidris_tatusia	0					
Technomyrmex_albipes	0					
Technomyrmex_anterops	0					
Technomyrmex_difficilis	0					
Technomyrmex_MAD05	0					
Technomyrmex_voeltzkowi	0					
Temnothorax_bernardi	0					
Temnothorax_kutteri	0					
Temnothorax_poeyi	0					
Temnothorax_rugatulus	0					
Temnothorax_tricarinatus	0					
Terataner_bottegoi	0					
Terataner_MAD02	0					
Terataner_MG02	0					
Terataner_MG27	0					
Terataner_sp	0					
Tetheamyrma_subspongia	0					
Tetramorium_atratulum	0					
Tetramorium_caespitum_cf	0					
Tetramorium_CF01	0					
Tetramorium_hispidum	0					
Tetramorium_kutteri	0					
Tetramorium_MG125	0					
Tetramorium_severini	0					
Tetramorium_spinosum	0					
Tetramorium_taylori	0					
Tetramorium_transversinodis	0					
Tetramorium_validiusculum	0					
Tetramorium_venator	0					
Tetraponera_punctulata	0					
Tetraponera_rufonigra	0					
Tetraponera_sp	0					
Thaumatomyrmex_atrox	0					
Thaumatomyrmex_sp_Bra1	0					
Trachymyrmex_arizonensis	0					
Trachymyrmex_jamaicensis	0					
Tranopelta_gilva	0					
Tranopelta_subterranea	0					
Trichomyrmex_criniceps	0					
Trichomyrmex_oscaris	0					
Trichomyrmex_robustior	0					
Tropidomyrmex_elianae	0					
Turneria_bidentata	0					
Typhlomyrmex_rogenhoferi	0					
Tyrannomyrmex_legatus	0					
Veromessor_andrei	0					
Veromessor_julianus	0					
Vespula_sp	0					
Vicinopone_conciliatrix	0					
Vitsika_suspicax	0					
Vollenhovia_emeryi	0					
Vollenhovia_sp	0					
Vombisidris_bilongrudi	0					
Wasmannia_auropunctata	0					
Xenomyrmex_floridanus	0					
Xymmer_muticus	0					
Zatania_albimaculata	0					
Zatania_gloriosa	0					
